feature,importance
mean_rr,0.3551627741000348
std_rr,0.2638390962227212
skew_rr,0.209336730321496
kurt_rr,0.171661399355748
